pt1_X,pt1_Y,pt1_Z,pt2_X,pt2_Y,pt2_Z
38.419049,-18.824204,5.472174,16.974229,-20.409770,12.181889
38.408001,-18.853576,5.341292,16.901135,-20.370608,12.160512
38.325733,-18.784201,5.467085,16.872301,-20.601054,12.044811
38.360380,-18.850070,5.589031,16.965498,-20.489682,12.231633
38.291297,-18.726843,5.794015,17.003328,-20.466500,12.121627
38.196655,-18.606482,5.756154,17.178339,-20.348768,12.200550
38.463243,-18.784879,5.584835,17.258822,-20.340964,12.030652
38.265748,-18.693249,5.835805,16.965498,-20.489682,12.231633
38.214677,-18.768425,5.842379,17.058686,-20.378321,12.418437
38.055561,-18.815781,5.856262,16.977093,-20.337042,12.448682
37.985482,-19.013340,5.738938,17.058686,-20.378321,12.418437
37.877756,-19.043241,5.656062,16.791340,-20.397303,12.095030
37.955491,-19.102500,5.705192,16.863626,-20.467899,12.001917
37.971473,-19.059844,5.829235,16.803507,-20.447433,12.042862
38.049910,-19.127621,5.693215,16.902706,-20.411955,11.910331
37.752800,-18.698605,5.813673,16.821347,-20.387165,11.248441
37.778386,-18.601001,5.500549,16.946100,-19.342258,11.369324
37.738757,-18.542406,5.324358,16.949890,-18.909001,11.174601
37.914460,-18.339790,5.731945,17.042601,-18.740268,10.860312
37.691919,-18.260733,5.680532,16.848920,-19.014551,10.603575
37.779149,-18.236305,5.602028,17.024332,-18.732562,10.573640
37.763669,-18.171284,5.661966,17.090114,-18.670725,10.416652
37.584253,-18.061872,5.804586,16.876048,-18.557281,10.751822
37.558529,-18.149195,5.864556,16.840503,-18.536039,10.739058
37.451284,-18.209181,5.892965,16.740437,-18.542450,10.728253
37.425107,-18.212580,5.852185,16.691972,-18.539920,10.624842
37.461362,-18.322282,5.624671,16.776732,-18.531459,10.487107
37.327219,-18.130698,5.594363,16.711763,-18.436428,10.482339
37.377092,-18.003553,5.534450,16.748915,-18.430496,10.424085
37.557373,-17.996787,5.497605,16.782471,-18.380138,10.459354
37.685383,-18.109391,5.473501,16.830590,-18.403166,10.434716
37.493572,-18.111610,5.502982,16.728880,-18.366283,10.514295
37.493407,-18.163864,5.435158,16.740974,-18.332671,10.486795
37.379696,-18.015396,5.414170,16.684412,-18.331868,10.485088
37.547984,-18.031615,5.367980,16.783504,-18.351974,10.433988
37.521997,-18.046196,5.388226,16.661644,-18.443455,10.568442
37.668593,-18.184046,5.368035,16.771779,-18.570250,10.504986
37.623427,-18.210299,5.302713,16.806955,-18.619696,10.482043
37.599425,-18.209882,5.269660,16.838988,-18.636609,10.414347
37.492617,-18.131311,5.242567,16.762762,-18.632637,10.440816
37.473703,-18.109447,5.198484,16.781968,-18.555683,10.449174
37.701165,-18.206340,5.122734,16.869199,-18.516380,10.346601
37.691519,-18.170389,5.080156,16.773546,-18.475853,10.434192
37.795016,-18.279347,4.911035,16.911932,-18.467923,10.323957
37.700199,-18.148618,4.905008,16.960537,-18.405542,10.425833
37.748739,-18.115585,4.851459,17.259197,-18.596134,10.059411
37.639723,-18.039867,4.816219,17.193296,-18.560497,10.026288
37.715342,-18.083659,4.785888,17.182404,-18.546602,9.896702
37.569227,-18.015181,4.797944,17.120540,-18.590520,9.903839
37.737835,-18.108483,4.742882,17.190238,-18.463256,9.918618
37.674139,-18.025814,4.716976,16.959025,-18.661492,9.864646
37.669533,-17.980912,4.727693,16.915852,-18.659907,9.860419
37.739806,-18.065036,4.726804,16.957929,-18.630257,9.846181
37.703407,-18.012767,4.779368,16.904321,-18.629870,9.902128
37.650484,-18.060818,4.711546,16.859600,-18.577968,9.956380
37.725368,-18.136051,4.611675,17.019905,-18.533318,9.772609
37.628051,-18.080306,4.577811,16.948633,-18.519714,9.813591
37.792653,-18.241404,4.585417,16.978673,-18.504849,9.779454
37.809543,-18.355044,4.669931,16.970771,-18.652042,9.841567
37.745932,-18.360367,4.700454,16.942600,-18.743740,9.937875
37.804683,-18.379122,4.639111,17.077152,-18.692621,9.885785
37.770941,-18.222017,4.561024,17.077978,-18.639716,9.848849
37.793969,-18.117024,4.524351,17.104505,-18.599527,9.769401
37.762497,-18.105311,4.530389,17.061069,-18.609701,9.793144
37.751228,-18.106132,4.459072,17.037334,-18.649574,9.665836
37.628246,-17.976641,4.401244,16.950764,-18.482166,9.674805
37.643790,-17.969723,4.326116,16.931803,-18.249577,9.583203
37.616992,-17.822231,4.330970,16.680899,-18.290877,9.388258
37.616879,-17.828853,4.324866,16.464855,-18.170624,9.321034
37.599617,-17.855588,4.300909,16.357889,-17.972279,9.408174
37.722342,-17.918749,4.205622,16.227470,-17.732323,9.482086
38.004938,-18.086314,3.474103,16.213595,-17.640945,9.437999
38.089317,-17.955261,3.463498,16.441497,-17.728173,9.556573
38.132220,-18.031247,3.527830,16.704794,-17.958676,9.450203
38.074021,-18.109252,3.639626,16.651726,-18.428201,9.498537
38.155705,-18.345055,3.700390,16.678755,-18.450717,9.486179
38.181062,-18.543506,3.730394,16.660414,-18.497424,9.545091
38.137709,-18.490230,3.738641,16.637286,-18.534323,9.569567
38.085796,-18.413507,3.748813,16.543384,-18.442651,9.663536
38.221586,-18.398604,3.819340,16.558662,-18.394381,9.644642
38.159179,-18.344014,3.993748,16.496418,-18.517224,9.768935
38.201684,-18.451848,4.078361,16.513209,-18.611577,9.836123
38.110039,-18.436460,4.092175,16.429065,-18.633966,9.939424
38.200808,-18.541723,4.103548,16.383995,-18.629389,10.011217
38.119370,-18.585216,4.106659,16.010642,-19.262952,9.774179
38.168574,-18.621304,4.066526,15.996129,-19.240649,9.789418
38.097067,-18.567709,4.071972,15.919157,-19.371505,9.880883
38.252661,-18.657793,4.107868,15.905155,-19.376720,9.974516
38.258275,-18.707451,4.264277,15.846843,-19.364539,10.069446
38.268822,-18.709740,4.200185,15.916994,-19.367920,9.966292
38.219817,-18.660814,4.186884,15.930169,-19.373719,9.918134
38.321713,-18.696228,4.215998,15.965967,-19.357737,9.865370
38.320953,-18.760969,4.223332,15.931084,-19.372851,9.896406
38.189608,-18.725637,4.248634,15.837323,-19.328234,9.994450
38.167621,-18.755691,4.233527,15.798297,-19.286420,10.031391
38.190035,-18.743183,4.318244,15.750052,-19.244166,10.107559
38.302861,-18.804392,4.349435,15.839402,-19.316105,9.981670
38.360160,-18.774686,4.418587,15.819347,-19.354103,10.056564
38.541186,-18.944436,4.419069,15.903846,-19.464285,10.034456
38.398813,-18.921972,4.493840,16.000674,-19.403484,10.645512
38.476879,-18.947110,4.367994,15.971822,-19.517990,10.348353
38.381009,-18.952342,4.337746,15.803857,-19.504861,9.837161
38.403881,-18.979873,4.373738,15.391065,-19.204137,9.651923
38.449409,-19.042164,4.437597,15.433700,-18.826570,10.178486
38.493733,-19.109773,4.520304,15.653266,-18.929200,10.167790
38.484764,-19.063201,4.550811,15.796709,-18.951589,10.313739
38.566797,-19.133477,4.495957,15.763380,-19.180924,10.164886
38.423335,-19.090517,4.560086,15.608297,-19.431312,10.465224
38.467206,-19.088410,4.584107,15.640400,-19.279738,10.416597
38.522289,-19.156615,4.538694,15.643877,-19.325147,10.379841
38.530015,-19.136842,4.544303,15.651698,-19.288923,10.374135
38.524789,-19.123494,4.500154,15.650881,-19.229050,10.357583
38.608849,-19.169132,4.470635,15.665891,-19.130227,10.320604
38.588112,-19.157218,4.543653,15.613136,-19.113693,10.368201
38.731091,-19.151769,4.614212,15.663644,-19.133425,10.345632
38.622976,-19.086479,4.624198,15.618064,-19.174680,10.378739
38.619300,-19.089924,4.605287,15.703188,-19.222623,10.280708
38.514036,-19.039435,4.614641,15.708382,-19.256202,10.242779
38.462004,-19.066705,4.638387,15.664627,-19.206998,10.304046
38.510411,-19.105428,4.662907,15.615597,-19.218445,10.361986
38.450097,-19.102806,4.873825,15.475589,-19.351474,10.621158
38.629360,-19.265630,4.809832,15.625158,-19.470476,10.525966
38.596955,-19.235349,4.940427,15.632910,-19.564697,10.511329
38.796797,-19.293817,4.799359,15.744095,-19.368324,10.270238
38.603037,-19.215383,4.844191,15.558089,-19.342245,10.448026
38.716728,-19.283888,4.728326,15.603763,-19.259996,10.420689
38.650117,-19.272903,4.762364,15.566492,-19.347900,10.455892
38.689335,-19.372135,4.734179,15.590434,-19.412180,10.482135
38.714195,-19.426709,4.715902,15.627480,-19.451510,10.443586
38.600928,-19.300055,4.836898,15.533066,-19.388380,10.538612
38.713093,-19.312298,4.746071,15.556790,-19.334958,10.502340
38.634987,-19.268402,4.816927,15.470308,-19.384733,10.581746
38.700136,-19.394818,4.783767,15.466107,-19.405774,10.661588
38.630724,-19.457501,4.859212,15.370594,-19.565689,10.608860
38.693206,-19.500233,4.806576,15.431614,-19.548295,10.510575
38.620405,-19.459899,4.939497,15.371404,-19.628541,10.589650
38.756700,-19.530344,4.847179,15.459447,-19.586647,10.530564
38.681574,-19.400272,5.065075,15.385070,-19.589798,10.549194
38.700356,-19.398848,5.076375,15.367265,-19.569537,10.582783
38.815144,-19.484515,4.976844,15.386204,-19.577037,10.569359
38.691057,-19.434710,5.102917,15.347583,-19.643109,10.621107
38.828286,-19.565681,5.019862,15.442254,-19.632610,10.544756
38.692869,-19.573640,5.184539,15.359266,-19.757224,10.643100
38.794410,-19.545631,5.111759,15.413104,-19.798723,10.671316
38.764544,-19.424240,5.253503,15.351875,-19.847167,10.710813
38.863363,-19.480323,5.215802,15.391396,-19.843677,10.740138
38.834193,-19.440946,5.186926,15.287910,-19.910929,10.824944
38.851049,-19.469557,5.173797,15.326993,-19.869986,10.810882
38.854081,-19.481050,5.161297,15.353505,-19.886863,10.729459
38.855567,-19.459381,5.205013,15.357811,-19.868593,10.737707
38.862286,-19.481486,5.218926,15.325259,-19.920843,10.784899
38.965444,-19.536519,5.143253,15.318945,-19.972388,10.873537
38.851743,-19.691512,5.352365,15.309748,-19.971450,10.904640
38.564915,-19.416522,5.722891,15.311175,-19.941880,10.873442
38.601683,-19.433750,5.679845,15.082535,-20.302993,10.634014
38.602226,-19.438945,5.677051,14.906591,-20.450326,10.540161
38.586837,-19.439817,5.707997,14.460882,-20.657500,10.866153
38.683140,-19.850848,6.265747,14.273301,-20.765855,10.970874
38.538962,-19.970060,6.169886,14.253554,-20.844578,10.995697
38.442063,-20.060333,6.211530,14.303819,-20.834322,11.023372
38.440545,-20.067914,6.217247,14.274823,-20.874995,11.000122
38.422450,-20.040436,6.224918,14.292811,-20.840278,10.989650
38.348712,-19.963351,6.278800,14.344946,-20.711764,10.840199
38.049370,-19.655675,6.579553,14.372396,-20.627963,10.724991
37.984877,-19.710581,6.449248,14.527096,-20.441059,10.669862
37.959434,-19.858639,6.256832,14.594904,-20.450807,10.672207
38.025170,-19.865651,7.002565,14.613946,-20.517276,10.727748
38.031733,-20.021324,6.954785,14.584272,-20.630559,10.757130
37.914687,-20.018584,6.986640,14.576990,-20.686469,10.746724
37.846807,-20.090901,6.862248,14.557645,-20.705620,10.760666
37.823610,-20.238191,6.631881,14.583912,-20.626930,10.716721
37.781165,-20.308703,6.544217,14.449508,-20.715681,10.694128
37.914829,-20.340525,6.551699,14.324580,-20.754725,10.637509
38.038941,-20.326778,6.691195,14.325035,-20.778917,10.667007
38.045877,-20.227269,6.902872,14.322652,-20.798411,10.671713
38.086393,-20.066900,6.960772,14.375472,-20.766652,10.614607
38.083501,-19.914315,6.937716,14.455533,-20.829154,10.658416
38.149464,-19.814887,6.936471,14.465330,-20.826562,10.695700
38.129205,-19.802331,6.957854,14.446704,-20.872170,10.712041
38.222704,-19.878057,6.917167,14.486786,-20.819429,10.714966
38.199798,-19.960716,6.899986,14.508284,-20.791510,10.642240
38.229758,-19.949055,6.867947,14.555783,-20.681575,10.650812
38.242100,-19.925306,6.833480,14.595116,-20.592123,10.733575
38.200767,-19.888901,6.825953,14.574490,-20.607725,10.759993
38.200689,-19.903523,6.816852,14.537442,-20.650402,10.739625
38.204970,-19.901857,6.882946,14.437667,-20.720412,10.692844
38.215240,-19.934459,6.851765,14.345062,-20.811592,10.666670
38.193158,-19.895059,6.896131,14.348638,-20.806640,10.756987
38.253195,-19.973588,6.834830,14.472641,-20.621065,10.692029
38.155847,-19.922060,6.915517,14.428479,-20.798587,10.723006
38.280455,-20.038192,6.865960,14.529895,-20.633009,10.788368
38.231362,-19.980364,6.870290,14.479354,-20.828744,10.794828
38.240059,-19.964408,6.864425,14.516465,-20.861050,10.709891
38.276047,-19.965808,6.785074,14.522655,-20.797899,10.647991
38.345788,-20.021076,6.729452,14.511033,-20.809735,10.665193
38.372032,-20.073958,6.753899,14.482763,-20.880789,10.713121
38.336409,-20.078733,6.819768,14.462982,-20.910347,10.748134
38.360958,-20.105607,6.781412,14.532488,-20.913706,10.736949
38.345968,-20.076138,6.771110,14.508667,-20.943447,10.731611
38.338838,-20.080242,6.788896,14.472506,-20.972061,10.743042
38.373821,-20.139498,6.789681,14.455057,-20.991791,10.738167
38.270392,-20.094031,6.898048,14.425714,-21.037892,10.796690
38.332231,-20.143010,6.857035,14.365700,-20.970537,10.882010
38.356676,-20.142053,6.783987,14.358145,-21.000791,10.888433
38.383162,-20.140385,6.762388,14.373344,-20.996917,10.896161
38.355083,-20.108875,6.777279,14.261426,-21.135920,10.774050
38.468468,-20.222218,6.711002,14.255660,-21.140429,10.710973
38.366544,-20.262617,6.817467,14.232933,-21.157320,10.698206
38.361049,-20.349682,6.843449,14.274483,-21.096841,10.714970
38.288893,-20.265694,6.828107,14.234300,-21.137540,10.718760
38.291062,-20.293790,6.684455,14.282269,-21.085139,10.751669
38.283178,-20.292839,6.697611,14.238407,-21.158824,10.776176
38.307989,-20.331413,6.734026,14.274250,-21.219485,10.824125
38.375193,-20.296831,6.864265,14.288713,-21.305243,10.852588
38.436714,-20.241411,7.038003,14.316557,-21.221136,10.858897
38.426403,-20.180541,7.010240,14.282093,-21.213914,10.812139
38.413058,-20.174202,6.941324,14.242648,-21.158893,10.808334
38.385774,-20.242418,6.812100,14.251479,-21.179174,10.825741
38.388823,-20.235210,6.831163,14.274309,-21.222486,10.817411
38.368431,-20.199697,6.811939,14.227386,-21.260549,10.815829
38.373974,-20.214155,6.839777,14.277720,-21.155504,10.790253
38.257007,-20.108904,6.919626,14.115131,-21.195049,10.758880
38.340763,-20.191858,6.855547,14.130331,-21.054817,10.809703
38.316930,-20.173132,6.841442,14.083976,-21.151692,10.832812
38.347420,-20.208825,6.859568,14.080293,-21.252540,10.851648
38.395870,-20.307053,6.884313,14.140188,-21.292896,10.892818
38.365705,-20.270565,6.876629,14.169472,-21.310378,11.015726
38.467483,-20.322897,6.753794,14.241400,-21.128357,10.943221
38.437782,-20.314025,6.761184,14.240687,-21.162537,10.813315
38.293495,-20.203660,6.955650,14.105432,-21.358000,10.893876
38.383452,-20.306732,6.905074,14.133839,-21.311684,10.915843
38.362910,-20.413141,6.889808,14.163797,-21.311480,11.006222
38.442164,-20.428458,6.785848,14.198617,-21.232775,10.967484
38.448666,-20.406379,6.765976,14.177495,-21.183098,10.970098
38.499138,-20.444460,6.716051,14.203367,-21.144809,10.948568
38.471384,-20.441212,6.718359,14.172118,-21.207453,10.985948
38.497338,-20.489163,6.741551,14.179964,-21.202974,11.009980
38.465038,-20.514164,6.782763,14.146435,-21.269075,11.033111
38.442767,-20.470996,6.779122,14.168368,-21.325685,11.016429
38.458768,-20.437515,6.746162,14.185468,-21.278174,10.994077
38.465460,-20.434702,6.733487,14.232013,-21.096337,10.905995
38.427188,-20.293500,6.651765,14.267141,-21.044735,10.752165
38.476010,-20.216778,6.602212,14.269620,-20.948263,10.733378
38.470891,-20.127250,6.659746,14.216952,-21.079343,10.857223
38.479039,-20.141894,6.628361,14.204244,-21.041436,10.901974
38.466856,-20.108567,6.592171,14.201084,-20.995052,10.855606
38.526425,-20.191818,6.631190,14.228782,-20.953566,10.904328
38.490161,-20.193437,6.689342,14.212404,-21.014496,11.089054
38.501706,-20.226284,6.656140,14.241399,-21.108654,11.115829
38.516050,-20.265001,6.628315,14.254057,-21.091228,11.102346
38.481531,-20.268395,6.683957,14.211812,-21.153957,11.083818
38.505846,-20.306034,6.685834,14.158571,-21.226534,11.045081
38.506349,-20.300309,6.678804,14.192550,-21.279269,11.002157
38.593261,-20.379810,6.584644,14.285760,-21.336557,10.879158
38.610455,-20.478375,6.576860,14.349936,-21.432950,10.823027
38.588470,-20.553600,6.618113,14.308069,-21.455374,10.876876
38.492201,-20.547031,6.687143,14.244477,-21.417049,10.953367
38.514300,-20.524962,6.635435,14.206514,-21.219605,10.967941
38.506938,-20.447779,6.581249,14.224460,-21.149167,10.886639
38.510751,-20.394952,6.636362,14.248351,-21.221324,10.853473
38.565443,-20.451118,6.606494,14.249898,-21.350454,10.911009
38.576422,-20.464756,6.628954,14.244473,-21.443136,11.027814
38.667799,-20.562506,6.522592,14.330209,-21.274898,10.929804
38.472483,-20.342403,6.647838,14.197695,-21.293333,10.904620
38.568822,-20.356359,6.545935,14.193995,-21.139832,10.922976
38.492062,-20.307509,6.608441,14.125529,-21.199056,10.999014
38.487780,-20.316081,6.619395,14.129608,-21.272566,11.055511
38.493181,-20.333237,6.668095,14.141063,-21.367402,11.089132
38.458209,-20.329279,6.717463,14.139453,-21.418786,11.082810
38.495874,-20.372530,6.702884,14.181001,-21.339173,11.067660
38.467200,-20.339387,6.722073,14.144604,-21.371065,11.076818
38.531152,-20.416808,6.697042,14.175613,-21.320586,11.060932
38.466042,-20.359863,6.709068,14.124745,-21.393673,11.065498
38.460623,-20.347625,6.717173,14.139947,-21.370989,11.088661
38.507437,-20.406801,6.678171,14.155759,-21.353381,11.057859
38.491069,-20.390098,6.683284,14.131605,-21.390378,11.048374
38.526053,-20.415545,6.669834,14.142520,-21.392893,11.089828
38.545212,-20.427911,6.630694,14.177180,-21.319486,11.014295
38.470841,-20.346987,6.699562,14.110548,-21.357821,11.054445
38.533904,-20.409689,6.712451,14.187090,-21.290052,11.016121
38.442807,-20.303201,6.685616,14.143693,-21.280934,10.952432
38.464810,-20.267662,6.626037,14.183737,-21.099976,10.891551
38.460715,-20.190009,6.573412,14.130599,-21.022259,10.861996
38.462595,-20.060628,6.517179,14.137708,-20.964974,10.844552
38.502616,-20.006779,6.501175,14.150005,-20.954128,10.854232
38.529754,-19.981569,6.542328,14.157928,-21.030834,10.901705
38.601441,-19.945152,6.726510,14.164911,-21.074963,10.932645
38.516224,-19.923931,6.910392,14.145420,-21.221624,10.970796
38.486279,-20.002587,6.916351,14.168765,-21.218177,11.000244
38.539480,-20.211490,6.809350,14.175054,-21.189253,10.945349
38.465535,-20.281054,6.845381,14.111357,-21.276098,10.950430
38.435799,-20.386795,6.743941,14.095584,-21.260273,10.824811
38.372328,-20.324170,6.785260,14.072532,-21.287269,10.797210
38.395451,-20.267777,6.801695,14.089313,-21.253374,10.804996
38.396347,-20.278633,6.777309,14.101193,-21.269884,10.779954
38.497807,-20.369475,6.749229,14.148757,-21.280112,10.742289
38.704655,-20.554043,6.644211,14.359461,-21.268827,10.884717
38.841601,-20.657673,6.682271,14.581342,-21.262710,11.037733
39.049708,-20.817374,6.701417,14.831588,-21.225887,11.057844
39.188360,-20.849472,6.721261,14.940532,-21.316356,11.044550
39.294245,-20.866757,6.644959,15.086636,-21.439828,10.997785
39.280219,-20.859338,6.712615,15.088584,-21.649583,10.881256
39.314609,-20.897298,6.670215,15.119601,-21.709698,10.815010
39.306498,-20.882467,6.666050,15.124741,-21.692796,10.826493
39.278195,-20.853692,6.658724,15.141448,-21.597906,10.783925
39.195664,-20.807212,6.700671,15.035594,-21.538576,10.797353
39.215630,-20.735623,6.719628,14.986583,-21.516481,10.883483
39.215972,-20.740935,6.709452,14.926831,-21.428355,10.955308
39.199857,-20.713326,6.717542,14.920221,-21.395188,10.932534
39.199940,-20.710884,6.735830,14.932425,-21.377575,10.931542
39.147243,-20.675353,6.786765,14.858354,-21.477682,10.999553
39.188234,-20.728066,6.759135,14.902092,-21.420931,10.978755
39.182492,-20.717625,6.760732,14.837505,-21.525470,10.973346
39.245144,-20.785020,6.757006,14.871818,-21.570080,10.883076
39.293939,-20.809088,6.680761,14.954316,-21.625812,10.758153
39.243205,-20.781146,6.746863,14.957374,-21.707293,10.729282
39.310170,-20.837779,6.685108,14.961155,-21.639696,10.811572
39.287056,-20.893739,6.672766,14.985256,-21.656428,10.915344
39.320598,-20.939833,6.658600,14.998717,-21.650780,10.948946
39.312731,-20.942524,6.673153,14.991392,-21.674470,10.963885
39.316369,-20.946817,6.688257,14.972318,-21.697165,11.002573
39.221748,-20.891152,6.774072,14.991536,-21.734762,10.974409
39.188791,-20.890944,6.813991,14.978770,-21.709145,10.945630
39.188824,-20.891979,6.830187,14.948930,-21.678961,10.991367
39.300303,-21.008257,6.760824,14.904156,-21.614880,11.087397
39.234251,-21.046838,6.845066,14.880949,-21.636271,11.120875
39.168077,-21.122224,6.878083,14.922514,-21.653209,11.045120
39.087839,-21.162335,6.744977,14.937682,-21.691795,10.996534
39.149138,-21.342687,6.509395,14.976089,-21.693056,10.986475
39.167784,-21.358697,6.554308,14.966846,-21.741139,11.007593
39.110239,-21.233010,6.806984,14.970226,-21.797942,11.046240
39.193299,-21.142678,6.894792,15.008068,-21.705908,10.965091
39.192764,-21.056271,6.856315,14.977428,-21.651778,10.950418
39.203338,-20.964571,6.866952,14.954081,-21.666212,11.008508
39.214697,-20.928278,6.809287,14.898834,-21.576806,11.056303
39.208298,-20.916685,6.827034,14.894413,-21.571208,11.057482
39.196446,-20.905805,6.846601,14.876387,-21.598839,11.124129
39.225430,-20.951509,6.836141,14.901879,-21.564854,11.077444
39.188084,-20.906985,6.865285,14.861193,-21.604636,11.113285
39.182695,-20.919599,6.887608,14.848931,-21.698167,11.163151
39.255819,-21.016157,6.847416,14.891713,-21.715640,11.176479
39.266195,-21.128179,6.828572,14.914938,-21.691022,11.122062
39.283435,-21.222279,6.799168,14.950557,-21.673852,11.053528
39.255961,-21.179026,6.823778,14.975848,-21.751906,11.032244
39.318139,-21.235136,6.773350,15.011288,-21.797053,11.050329
39.298185,-21.237520,6.815859,15.001250,-21.820321,11.101275
39.305062,-21.249836,6.813179,14.989109,-21.826753,11.113163
39.289351,-21.229429,6.811707,14.994891,-21.791251,11.091781
39.184203,-21.154036,6.895451,14.924876,-21.847432,11.133653
39.262609,-21.222775,6.799660,14.922157,-21.741255,11.143592
39.182281,-21.185560,6.877162,14.848664,-21.771934,11.128930
39.212278,-21.198411,6.867024,14.811051,-21.817995,11.091369
39.280601,-21.242588,6.816622,14.863883,-21.766456,11.151680
39.288870,-21.244246,6.771924,14.914471,-21.710088,11.146886
39.287431,-21.242117,6.793053,14.912244,-21.717416,11.142015
39.283049,-21.239359,6.811220,14.875720,-21.774373,11.189867
39.326628,-21.290147,6.801478,14.903294,-21.734396,11.212062
39.304041,-21.265805,6.778685,14.875444,-21.807706,11.220537
39.325292,-21.284155,6.766069,14.915717,-21.725738,11.179127
39.340214,-21.303746,6.729380,14.911689,-21.733278,11.122324
39.300327,-21.276854,6.785770,14.879608,-21.772755,11.198305
39.301324,-21.272382,6.801878,14.874900,-21.802846,11.239193
39.319068,-21.320591,6.811403,14.897894,-21.868905,11.209073
39.187009,-21.238849,6.961495,14.855293,-21.900483,11.268230
39.169822,-21.218469,6.974186,14.859515,-21.883375,11.229868
39.253539,-21.250382,6.869497,14.882630,-21.849309,11.218840
39.306234,-21.282828,6.825233,14.890840,-21.851262,11.209567
39.310549,-21.293709,6.826336,14.870507,-21.886108,11.236023
39.391493,-21.341796,6.717249,14.901985,-21.869856,11.241947
39.422268,-21.364387,6.670403,14.967497,-21.797337,11.181001
39.322735,-21.268566,6.728146,14.994974,-21.789711,11.122390
39.423606,-21.258145,6.667269,15.013626,-21.771779,11.110254
39.352374,-21.246292,6.794916,14.953752,-21.874846,11.143434
39.327629,-21.276660,6.833727,14.886325,-21.876215,11.247878
39.280269,-21.183815,6.840027,14.854504,-21.899824,11.249562
39.323337,-21.242795,6.815305,14.878755,-21.853597,11.231360
39.281262,-21.207498,6.836535,14.845151,-21.901870,11.250785
39.359807,-21.293790,6.782845,14.883136,-21.847008,11.221027
39.281268,-21.320008,6.847769,14.855383,-21.894067,11.218033
39.290346,-21.318143,6.858893,14.865735,-21.880015,11.221719
39.289144,-21.322983,6.870777,14.863680,-21.895219,11.243673
39.337276,-21.379486,6.855931,14.869060,-21.904912,11.266237
39.329001,-21.378475,6.865617,14.863113,-21.922469,11.284074
39.436745,-21.478123,6.756251,14.900475,-21.875849,11.258958
39.384571,-21.392969,6.746343,14.859219,-21.924975,11.276031
39.514967,-21.466938,6.572502,14.886746,-21.878869,11.256205
39.451565,-21.477815,6.652702,14.856468,-21.914284,11.264345
39.463009,-21.503586,6.655925,14.863767,-21.899154,11.257088
39.427510,-21.477648,6.693412,14.817854,-21.964808,11.297134
39.464858,-21.521365,6.679816,14.870179,-21.886506,11.276112
39.412348,-21.493253,6.733364,14.850800,-21.949620,11.289257
39.427205,-21.532906,6.756128,14.868190,-21.908751,11.265493
39.401079,-21.476778,6.745709,14.849081,-21.958656,11.296142
39.445930,-21.516350,6.701930,14.918465,-21.854282,11.199040
39.354612,-21.408920,6.760816,14.961763,-21.847860,11.078584
39.322967,-21.391991,6.811237,14.991337,-21.808905,11.038544
39.289493,-21.350603,6.842924,14.946164,-21.858721,11.051009
39.306384,-21.390556,6.858311,14.975830,-21.929296,11.078377
39.297439,-21.421630,6.894101,14.978307,-21.925635,11.084305
39.292999,-21.410509,6.877323,14.964724,-21.927466,11.072996
39.400874,-21.458035,6.734268,14.997925,-21.860115,11.049889
39.404631,-21.435847,6.667799,14.982907,-21.765702,11.006760
39.514533,-21.474166,6.474847,14.978789,-21.689324,10.980221
39.514965,-21.422312,6.453047,14.957405,-21.729477,11.010847
39.528511,-21.490005,6.461839,14.989349,-21.759754,10.961510
39.520296,-21.437707,6.457968,14.996844,-21.743200,10.969102
39.544979,-21.532538,6.459016,15.010694,-21.730381,10.951513
39.538900,-21.557614,6.456244,15.001149,-21.736679,10.954917
39.640787,-21.587884,6.316431,15.003106,-21.752322,10.962259
39.658822,-21.595419,6.304604,15.012440,-21.746703,10.999072
39.775292,-21.668198,6.138254,15.038179,-21.723640,10.972456
39.778959,-21.634236,6.102704,15.013543,-21.755686,10.981358
39.781830,-21.687815,6.147183,15.013077,-21.746321,10.982099
39.774326,-21.680553,6.148989,15.034226,-21.725933,10.988203
39.774136,-21.654023,6.126546,15.038694,-21.711877,10.946797
39.777386,-21.638190,6.110710,15.037975,-21.606884,10.957236
39.781298,-21.565447,6.043377,15.007675,-21.647734,10.928433
39.112917,-21.126285,6.989522,15.062940,-21.592780,10.900396
39.118067,-21.149438,6.893375,15.058892,-21.608423,10.843211
39.055409,-21.218163,6.745658,15.090828,-21.581366,10.784564
38.987521,-21.334325,6.564672,15.114541,-21.577933,10.742291
38.829656,-21.379783,6.490382,15.124415,-21.559403,10.756716
38.821176,-21.490878,6.187272,15.089654,-21.273310,10.840993
38.780798,-21.513599,6.037218,15.140123,-21.282253,10.963511
38.745923,-21.537152,5.873697,15.239209,-21.140733,11.059188
38.716183,-21.527281,5.743080,15.207980,-21.407385,11.295441
38.733694,-21.530006,5.688022,15.201293,-21.416186,11.282982
38.740734,-21.562801,5.631204,15.457019,-21.682290,11.047272
38.717727,-21.535941,5.592435,15.655593,-21.861865,10.856268
38.606020,-21.492977,5.584104,15.822135,-22.008410,10.855407
38.613561,-21.504626,5.430386,15.871268,-22.058949,10.883691
38.634403,-21.541696,5.352006,16.092419,-22.147255,10.897675
38.532439,-21.522065,5.390829,16.265969,-22.108878,10.950018
38.522057,-21.462369,5.152384,16.431573,-22.057789,10.986676
38.594230,-21.418999,5.024956,16.510361,-21.947775,11.197608
38.609247,-21.437660,4.984098,16.442527,-21.752263,11.622386
38.687946,-21.478979,4.892097,16.528647,-21.658841,11.804244
38.716224,-21.547723,4.927864,16.623352,-21.560687,12.008634
38.714910,-21.623446,4.951953,16.717467,-21.460463,12.209173
38.685592,-21.726465,4.965242,16.673153,-21.321287,11.910071
38.710358,-21.755898,4.935507,16.726394,-21.326552,11.825845
38.711481,-21.763917,4.917449,16.785207,-21.354953,11.812204
38.751536,-21.778042,4.886668,16.768423,-21.392657,11.873059
38.783179,-21.792737,4.803765,16.794456,-21.387865,11.901108
38.834433,-21.741143,4.712567,16.853239,-21.324583,11.957825
38.835039,-21.662140,4.690833,16.863131,-21.303408,11.920001
38.841590,-21.612467,4.703543,16.897023,-21.316175,11.891087
38.867074,-21.658925,4.680523,16.970961,-21.460193,11.890235
38.854753,-21.705573,4.691885,16.966391,-21.497587,11.965550
38.848956,-21.776080,4.703182,16.960711,-21.510812,12.000647
38.825212,-21.826093,4.716521,16.997104,-21.510500,12.040388
38.815238,-21.808541,4.662785,17.138206,-21.468331,12.032303
38.821371,-21.772610,4.615644,17.258100,-21.434630,12.127057
38.865194,-21.715533,4.576416,17.380197,-21.353823,12.213373
38.914280,-21.658114,4.469658,17.522014,-21.294229,12.243733
38.926874,-21.553796,4.382551,17.534675,-21.290305,12.121995
38.962355,-21.524291,4.333869,17.461794,-21.246341,12.026689
38.923266,-21.478442,4.314384,17.471173,-21.236087,12.009995
38.940973,-21.484992,4.341895,17.466898,-21.247786,12.046028
38.948545,-21.509804,4.331885,17.441124,-21.250775,12.111150
38.926500,-21.586433,4.322659,17.382933,-21.226167,12.199951
38.901730,-21.753920,4.225019,17.479298,-21.301725,12.087316
38.844144,-21.786673,4.286793,17.496617,-21.303725,12.070460
38.834862,-21.761517,4.295468,17.490478,-21.272117,12.079078
38.866893,-21.766578,4.257456,17.535076,-21.269899,12.045037
38.860584,-21.774605,4.240335,17.546223,-21.342575,12.018162
38.865847,-21.777751,4.248457,17.487806,-21.324223,12.086509
38.896091,-21.806046,4.224668,17.495385,-21.316095,12.105336
38.891787,-21.818750,4.198423,17.493428,-21.334016,12.128322
38.891150,-21.825943,4.186893,17.572293,-21.456402,12.070502
38.862013,-21.807855,4.185599,17.973935,-21.949132,11.542649
38.829531,-21.749184,4.187763,17.855697,-21.848266,11.701329
38.880740,-21.728269,4.136278,17.655353,-22.121323,11.365129
38.893908,-21.657020,4.143240,17.601979,-22.243821,11.299144
38.969582,-21.729509,4.093073,17.640392,-22.223955,11.335028
38.958708,-21.797361,4.084611,17.654589,-22.220275,11.375934
38.932677,-21.842418,4.080323,17.687875,-22.200423,11.306445
38.928176,-21.836439,4.062179,17.744466,-22.232569,11.255089
38.938349,-21.822944,3.993705,17.732371,-22.287014,11.311085
38.891920,-21.885616,3.893218,17.736076,-22.303565,11.311898
38.894394,-21.881567,3.891032,17.739756,-22.285026,11.348714
38.853267,-21.830926,3.954877,17.770191,-22.248380,11.422312
38.825194,-21.784360,4.005172,17.811911,-22.206653,11.517700
38.828887,-21.757147,3.918626,17.838029,-22.193955,11.561865
38.898920,-21.734650,3.834031,17.906205,-22.164877,11.613430
38.941273,-21.692820,3.804192,17.919961,-22.183188,11.641185
38.927637,-21.669362,3.770011,17.933795,-22.153978,11.592952
38.905737,-21.639866,3.791063,17.890073,-22.139963,11.606604
38.917063,-21.614523,3.746920,17.887450,-22.185633,11.638770
38.959469,-21.672269,3.734954,17.933367,-22.229404,11.661908
38.923546,-21.695552,3.753689,17.931037,-22.265463,11.693335
38.968001,-21.718291,3.745993,17.965317,-22.194891,11.647352
38.916746,-21.671707,3.758715,17.958291,-22.135931,11.625673
38.879954,-21.639628,3.784222,17.934541,-22.135387,11.634695
38.909002,-21.680028,3.771606,17.934140,-22.185125,11.676610
38.948228,-21.718175,3.763892,17.964591,-22.266202,11.683371
38.892349,-21.701048,3.877904,18.004376,-22.342842,11.684074
38.927603,-21.725995,3.867390,18.035690,-22.322187,11.668677
38.900413,-21.709871,3.871896,17.995738,-22.328760,11.712398
38.901111,-21.732279,3.821676,17.929514,-22.270688,11.761159
38.959395,-21.777219,3.792457,17.971680,-22.241259,11.707646
